<?xml version="1.0" encoding="UTF-8"?>
<?xml-stylesheet type="text/xsl" href="employees.xsl"?>
<employees>
  <employee>
    <name>Yash Mishra</name>
    <title>Software Engineer</title>
    <department>ComputerEngineering</department>
    <salary>200000</salary>
  </employee>
  <employee>
    <name>John Lobo</name>
    <title>Marketing Manager</title>
    <department>Marketing</department>
    <salary>90000</salary>
  </employee>
  <employee>
    <name>Bob Johnson</name>
    <title>Python Developer</title>
    <department>ComputerEngineering</department>
    <salary>600000</salary>
  </employee>
</employees>
